<?xml version="1.0" encoding="UTF-8"?>
<beans xmlns="http://www.springframework.org/schema/beans"
    xmlns:xsi="http://www.w3.org/2001/XMLSchema-instance"
    xsi:schemaLocation="http://www.springframework.org/schema/beans
        http://www.springframework.org/schema/beans/spring-beans.xsd">
        <bean id ="emp"  class ="com.satya.beans.Employee" >
        <property name="eno"  value="100"></property>
        <property name="name"  value="Shyam"></property>
        <property name="esal"  value="10000"></property>
        <property name="eaddr"  value="Delhi"></property>
        </bean>
   </beans>