<?xml version="1.0" encoding="UTF-8"?>
<beans xmlns="http://www.springframework.org/schema/beans"
    xmlns:xsi="http://www.w3.org/2001/XMLSchema-instance"
    xmlns:context="http://www.springframework.org/schema/context"  
    xsi:schemaLocation="http://www.springframework.org/schema/beans http://www.springframework.org/schema/beans/spring-beans.xsd
        http://www.springframework.org/schema/context http://www.springframework.org/schema/context/spring-context.xsd"> 
        <!-- bean definitions here -->
        <context:annotation-config></context:annotation-config>
        <bean id="account1" class ="Account" >
        	<property name="accNo" value ="A-100"></property>
        	<property name="accName" value ="AAA"></property>
        	<property name="accType" value ="Savings"></property>
        	<property name="balance" value ="20000"></property>

        </bean>
        <bean id="account2" class ="Account">
        	<property name="accNo" value ="A-100"></property>
        	<property name="accName" value ="Sudha"></property>
        	<property name="accType" value ="Current"></property>
        	<property name="balance" value ="30000"></property>

        </bean>
        
        <bean id="employee" class ="Employee" >
        	<property name="eid" value ="E-111"></property>
        	<property name="ename" value ="Satya"></property>
        	<property name="esal" value ="10000"></property>
        	<property name="eaddr" value ="Delhi"></property>
        	<!--<property name="acc"  ref="account"></property>!-->

        </bean>
        

</beans>