<?xml version="1.0" encoding="UTF-8"?>
<beans xmlns="http://www.springframework.org/schema/beans"
    xmlns:xsi="http://www.w3.org/2001/XMLSchema-instance"
    xsi:schemaLocation="http://www.springframework.org/schema/beans
        http://www.springframework.org/schema/beans/spring-beans.xsd" >
        <bean id="addressBean"  class="Address" >
     		<property name="city"  value="Delhi" ></property>
     		<property name="pincode"  value="2030" ></property>
     </bean>
     <bean id="studentBean"  class="Student" >
     		<property name="sname"  value="AA" ></property>
     		<property name="sid"  value="a-100" ></property>
     		<property name="squal" >
     			<list>
	     			<value>btech</value>
	     			<value>mca</value>
	     			<value>mtech</value>
     			</list>
     			
     		</property>
     		
     		<property name="scourse_and_faculty" >
     			<map>
     				<entry key = "Java"  value= "Satya1"></entry>
     				<entry key = "Python"  value= "Satya2"></entry>
     			</map>
     			</property>
     			<property name="scourses_and_Cost">
     				<props>
     					<prop key="C">100</prop>
     					<prop key="C++">200</prop>
     					<prop key="java">300</prop>
     				</props>
     			</property>
     		
     		<property name="scourses" >
     			<set>
	     			<value>Java</value>
	     			<value>C++</value>
	     			<value>Python</value>
     			</set>
     			
     		</property>
     		<property name="sadd"  ref="addressBean"></property>
     </bean>
  </beans>   