<?xml version="1.0" encoding="UTF-8"?>
<beans xmlns="http://www.springframework.org/schema/beans"
    xmlns:xsi="http://www.w3.org/2001/XMLSchema-instance"
    xsi:schemaLocation="http://www.springframework.org/schema/beans
        http://www.springframework.org/schema/beans/spring-beans.xsd">
        <bean id ="stuBean"  class ="com.satya.beans.Student" >
        <property name="sid"  value="100"></property>
        <property name="sname"  value="Shyam"></property>
        <property name="saddr"  value="Delhi"></property>
        </bean>
   </beans>