<?xml version="1.0" encoding="UTF-8"?>
<beans xmlns="http://www.springframework.org/schema/beans"
	xmlns:xsi="http://www.w3.org/2001/XMLSchema-instance"
	xmlns:context="http://www.springframework.org/schema/context"
	xmlns:p="http://www.springframework.org/schema/p"
	xsi:schemaLocation="http://www.springframework.org/schema/beans
    http://www.springframework.org/schema/beans/spring-beans.xsd
    http://www.springframework.org/schema/context
    http://www.springframework.org/schema/context/spring-context.xsd">
    
    <bean name= "customer"  class ="com.bharath.spring.springcore1.map.Customer" >
    	<property name="id" value="100"></property>
    	<property name="products">
    		<map>
    			<entry key = "128" value ="Iphone"></entry>
    			<entry key = "200">
    				<value>Ipad</value>
    			</entry>
    			<entry value = "Nokia">
    				<key>
    					<value>400</value>
    				</key>
    			</entry>
    		</map>
    	</property>
    	
    </bean>
</beans>