<?xml version="1.0" encoding="UTF-8"?>
<beans xmlns="http://www.springframework.org/schema/beans"
    xmlns:xsi="http://www.w3.org/2001/XMLSchema-instance"
    xsi:schemaLocation="http://www.springframework.org/schema/beans
        http://www.springframework.org/schema/beans/spring-beans.xsd" >
     <bean id="courseBean"  class="com.satya.beans.Course" >
     		<constructor-arg value = "J-200"  index="1"></constructor-arg>
     		<constructor-arg value = "100000"  index= "2"></constructor-arg>
     		<constructor-arg value = "C++"  index= "0"></constructor-arg>
     </bean>
    <bean id="accountBean"  class="com.satya.beans.Account" >
       		<property name="accNo"  value="satya123"></property>
  			<property name="accHolderName"  value="Satya"></property>
   			<property name="accType"  value= "Current"></property>
  			<property name="balance"  value= "200000"></property>	
  			<property name="accHolderEmail"  value= "Satya"></property>
  			<property name="accHolderMobile"  value= "9140471490"></property>     		
    </bean>
<!--     <bean id ="accPostProcessor"  class="com.satya.processors.AccountPostProcessor"></bean> -->
</beans>